{
  "usableSessionsCount": 29,
  "retiredSessionsCount": 0,
  "sessions": [
    {
      "id": "session_KBvLbs48i7",
      "cookieJar": {
        "version": "tough-cookie@4.1.3",
        "storeType": "MemoryCookieStore",
        "rejectPublicSuffixes": true,
        "enableLooseMode": false,
        "allowSpecialUseDomain": true,
        "prefixSecurity": "silent",
        "cookies": []
      },
      "userData": {},
      "maxErrorScore": 3,
      "errorScoreDecrement": 0.5,
      "expiresAt": "2024-02-14T06:55:05.564Z",
      "createdAt": "2024-02-14T06:05:05.564Z",
      "usageCount": 1,
      "maxUsageCount": 50,
      "errorScore": 0
    },
    {
      "id": "session_03R8sNcGsV",
      "cookieJar": {
        "version": "tough-cookie@4.1.3",
        "storeType": "MemoryCookieStore",
        "rejectPublicSuffixes": true,
        "enableLooseMode": false,
        "allowSpecialUseDomain": true,
        "prefixSecurity": "silent",
        "cookies": []
      },
      "userData": {},
      "maxErrorScore": 3,
      "errorScoreDecrement": 0.5,
      "expiresAt": "2024-02-14T06:55:06.063Z",
      "createdAt": "2024-02-14T06:05:06.063Z",
      "usageCount": 1,
      "maxUsageCount": 50,
      "errorScore": 0
    },
    {
      "id": "session_qZjrjO3acY",
      "cookieJar": {
        "version": "tough-cookie@4.1.3",
        "storeType": "MemoryCookieStore",
        "rejectPublicSuffixes": true,
        "enableLooseMode": false,
        "allowSpecialUseDomain": true,
        "prefixSecurity": "silent",
        "cookies": []
      },
      "userData": {},
      "maxErrorScore": 3,
      "errorScoreDecrement": 0.5,
      "expiresAt": "2024-02-14T06:55:06.072Z",
      "createdAt": "2024-02-14T06:05:06.072Z",
      "usageCount": 1,
      "maxUsageCount": 50,
      "errorScore": 0
    },
    {
      "id": "session_Sb69LcVYIg",
      "cookieJar": {
        "version": "tough-cookie@4.1.3",
        "storeType": "MemoryCookieStore",
        "rejectPublicSuffixes": true,
        "enableLooseMode": false,
        "allowSpecialUseDomain": true,
        "prefixSecurity": "silent",
        "cookies": []
      },
      "userData": {},
      "maxErrorScore": 3,
      "errorScoreDecrement": 0.5,
      "expiresAt": "2024-02-14T06:55:06.080Z",
      "createdAt": "2024-02-14T06:05:06.080Z",
      "usageCount": 1,
      "maxUsageCount": 50,
      "errorScore": 0
    },
    {
      "id": "session_l9JJZvJS9w",
      "cookieJar": {
        "version": "tough-cookie@4.1.3",
        "storeType": "MemoryCookieStore",
        "rejectPublicSuffixes": true,
        "enableLooseMode": false,
        "allowSpecialUseDomain": true,
        "prefixSecurity": "silent",
        "cookies": []
      },
      "userData": {},
      "maxErrorScore": 3,
      "errorScoreDecrement": 0.5,
      "expiresAt": "2024-02-14T06:55:06.085Z",
      "createdAt": "2024-02-14T06:05:06.085Z",
      "usageCount": 1,
      "maxUsageCount": 50,
      "errorScore": 0
    },
    {
      "id": "session_AIy2SBapWA",
      "cookieJar": {
        "version": "tough-cookie@4.1.3",
        "storeType": "MemoryCookieStore",
        "rejectPublicSuffixes": true,
        "enableLooseMode": false,
        "allowSpecialUseDomain": true,
        "prefixSecurity": "silent",
        "cookies": []
      },
      "userData": {},
      "maxErrorScore": 3,
      "errorScoreDecrement": 0.5,
      "expiresAt": "2024-02-14T06:55:06.089Z",
      "createdAt": "2024-02-14T06:05:06.089Z",
      "usageCount": 1,
      "maxUsageCount": 50,
      "errorScore": 0
    },
    {
      "id": "session_QeJ8BYuOnJ",
      "cookieJar": {
        "version": "tough-cookie@4.1.3",
        "storeType": "MemoryCookieStore",
        "rejectPublicSuffixes": true,
        "enableLooseMode": false,
        "allowSpecialUseDomain": true,
        "prefixSecurity": "silent",
        "cookies": []
      },
      "userData": {},
      "maxErrorScore": 3,
      "errorScoreDecrement": 0.5,
      "expiresAt": "2024-02-14T06:55:06.093Z",
      "createdAt": "2024-02-14T06:05:06.093Z",
      "usageCount": 1,
      "maxUsageCount": 50,
      "errorScore": 0
    },
    {
      "id": "session_BS8slVg2Xz",
      "cookieJar": {
        "version": "tough-cookie@4.1.3",
        "storeType": "MemoryCookieStore",
        "rejectPublicSuffixes": true,
        "enableLooseMode": false,
        "allowSpecialUseDomain": true,
        "prefixSecurity": "silent",
        "cookies": []
      },
      "userData": {},
      "maxErrorScore": 3,
      "errorScoreDecrement": 0.5,
      "expiresAt": "2024-02-14T06:55:06.106Z",
      "createdAt": "2024-02-14T06:05:06.106Z",
      "usageCount": 1,
      "maxUsageCount": 50,
      "errorScore": 0
    },
    {
      "id": "session_Ehfh9JPD5x",
      "cookieJar": {
        "version": "tough-cookie@4.1.3",
        "storeType": "MemoryCookieStore",
        "rejectPublicSuffixes": true,
        "enableLooseMode": false,
        "allowSpecialUseDomain": true,
        "prefixSecurity": "silent",
        "cookies": []
      },
      "userData": {},
      "maxErrorScore": 3,
      "errorScoreDecrement": 0.5,
      "expiresAt": "2024-02-14T06:55:06.111Z",
      "createdAt": "2024-02-14T06:05:06.111Z",
      "usageCount": 1,
      "maxUsageCount": 50,
      "errorScore": 0
    },
    {
      "id": "session_mVwAJPtmdU",
      "cookieJar": {
        "version": "tough-cookie@4.1.3",
        "storeType": "MemoryCookieStore",
        "rejectPublicSuffixes": true,
        "enableLooseMode": false,
        "allowSpecialUseDomain": true,
        "prefixSecurity": "silent",
        "cookies": []
      },
      "userData": {},
      "maxErrorScore": 3,
      "errorScoreDecrement": 0.5,
      "expiresAt": "2024-02-14T06:55:06.115Z",
      "createdAt": "2024-02-14T06:05:06.115Z",
      "usageCount": 1,
      "maxUsageCount": 50,
      "errorScore": 0
    },
    {
      "id": "session_LHeSUJRIb9",
      "cookieJar": {
        "version": "tough-cookie@4.1.3",
        "storeType": "MemoryCookieStore",
        "rejectPublicSuffixes": true,
        "enableLooseMode": false,
        "allowSpecialUseDomain": true,
        "prefixSecurity": "silent",
        "cookies": []
      },
      "userData": {},
      "maxErrorScore": 3,
      "errorScoreDecrement": 0.5,
      "expiresAt": "2024-02-14T06:55:06.144Z",
      "createdAt": "2024-02-14T06:05:06.144Z",
      "usageCount": 1,
      "maxUsageCount": 50,
      "errorScore": 0
    },
    {
      "id": "session_xrCibhUg97",
      "cookieJar": {
        "version": "tough-cookie@4.1.3",
        "storeType": "MemoryCookieStore",
        "rejectPublicSuffixes": true,
        "enableLooseMode": false,
        "allowSpecialUseDomain": true,
        "prefixSecurity": "silent",
        "cookies": []
      },
      "userData": {},
      "maxErrorScore": 3,
      "errorScoreDecrement": 0.5,
      "expiresAt": "2024-02-14T06:55:06.483Z",
      "createdAt": "2024-02-14T06:05:06.483Z",
      "usageCount": 1,
      "maxUsageCount": 50,
      "errorScore": 0
    },
    {
      "id": "session_s5hFAtGyGd",
      "cookieJar": {
        "version": "tough-cookie@4.1.3",
        "storeType": "MemoryCookieStore",
        "rejectPublicSuffixes": true,
        "enableLooseMode": false,
        "allowSpecialUseDomain": true,
        "prefixSecurity": "silent",
        "cookies": []
      },
      "userData": {},
      "maxErrorScore": 3,
      "errorScoreDecrement": 0.5,
      "expiresAt": "2024-02-14T06:55:06.488Z",
      "createdAt": "2024-02-14T06:05:06.488Z",
      "usageCount": 1,
      "maxUsageCount": 50,
      "errorScore": 0
    },
    {
      "id": "session_BhU4QWlUNP",
      "cookieJar": {
        "version": "tough-cookie@4.1.3",
        "storeType": "MemoryCookieStore",
        "rejectPublicSuffixes": true,
        "enableLooseMode": false,
        "allowSpecialUseDomain": true,
        "prefixSecurity": "silent",
        "cookies": []
      },
      "userData": {},
      "maxErrorScore": 3,
      "errorScoreDecrement": 0.5,
      "expiresAt": "2024-02-14T06:55:06.494Z",
      "createdAt": "2024-02-14T06:05:06.494Z",
      "usageCount": 1,
      "maxUsageCount": 50,
      "errorScore": 0
    },
    {
      "id": "session_V9vLnLIHle",
      "cookieJar": {
        "version": "tough-cookie@4.1.3",
        "storeType": "MemoryCookieStore",
        "rejectPublicSuffixes": true,
        "enableLooseMode": false,
        "allowSpecialUseDomain": true,
        "prefixSecurity": "silent",
        "cookies": []
      },
      "userData": {},
      "maxErrorScore": 3,
      "errorScoreDecrement": 0.5,
      "expiresAt": "2024-02-14T06:55:06.497Z",
      "createdAt": "2024-02-14T06:05:06.497Z",
      "usageCount": 1,
      "maxUsageCount": 50,
      "errorScore": 0
    },
    {
      "id": "session_DDQcPp84s5",
      "cookieJar": {
        "version": "tough-cookie@4.1.3",
        "storeType": "MemoryCookieStore",
        "rejectPublicSuffixes": true,
        "enableLooseMode": false,
        "allowSpecialUseDomain": true,
        "prefixSecurity": "silent",
        "cookies": []
      },
      "userData": {},
      "maxErrorScore": 3,
      "errorScoreDecrement": 0.5,
      "expiresAt": "2024-02-14T06:55:06.503Z",
      "createdAt": "2024-02-14T06:05:06.503Z",
      "usageCount": 1,
      "maxUsageCount": 50,
      "errorScore": 0
    },
    {
      "id": "session_rhb4f0Zlsc",
      "cookieJar": {
        "version": "tough-cookie@4.1.3",
        "storeType": "MemoryCookieStore",
        "rejectPublicSuffixes": true,
        "enableLooseMode": false,
        "allowSpecialUseDomain": true,
        "prefixSecurity": "silent",
        "cookies": []
      },
      "userData": {},
      "maxErrorScore": 3,
      "errorScoreDecrement": 0.5,
      "expiresAt": "2024-02-14T06:55:06.506Z",
      "createdAt": "2024-02-14T06:05:06.506Z",
      "usageCount": 1,
      "maxUsageCount": 50,
      "errorScore": 0
    },
    {
      "id": "session_HoQnRJGYrO",
      "cookieJar": {
        "version": "tough-cookie@4.1.3",
        "storeType": "MemoryCookieStore",
        "rejectPublicSuffixes": true,
        "enableLooseMode": false,
        "allowSpecialUseDomain": true,
        "prefixSecurity": "silent",
        "cookies": []
      },
      "userData": {},
      "maxErrorScore": 3,
      "errorScoreDecrement": 0.5,
      "expiresAt": "2024-02-14T06:55:06.509Z",
      "createdAt": "2024-02-14T06:05:06.509Z",
      "usageCount": 1,
      "maxUsageCount": 50,
      "errorScore": 0
    },
    {
      "id": "session_hFPqkdJcg7",
      "cookieJar": {
        "version": "tough-cookie@4.1.3",
        "storeType": "MemoryCookieStore",
        "rejectPublicSuffixes": true,
        "enableLooseMode": false,
        "allowSpecialUseDomain": true,
        "prefixSecurity": "silent",
        "cookies": []
      },
      "userData": {},
      "maxErrorScore": 3,
      "errorScoreDecrement": 0.5,
      "expiresAt": "2024-02-14T06:55:06.513Z",
      "createdAt": "2024-02-14T06:05:06.513Z",
      "usageCount": 1,
      "maxUsageCount": 50,
      "errorScore": 0
    },
    {
      "id": "session_oBPKLIGMkJ",
      "cookieJar": {
        "version": "tough-cookie@4.1.3",
        "storeType": "MemoryCookieStore",
        "rejectPublicSuffixes": true,
        "enableLooseMode": false,
        "allowSpecialUseDomain": true,
        "prefixSecurity": "silent",
        "cookies": []
      },
      "userData": {},
      "maxErrorScore": 3,
      "errorScoreDecrement": 0.5,
      "expiresAt": "2024-02-14T06:55:06.518Z",
      "createdAt": "2024-02-14T06:05:06.518Z",
      "usageCount": 1,
      "maxUsageCount": 50,
      "errorScore": 0
    },
    {
      "id": "session_73DxAdly6X",
      "cookieJar": {
        "version": "tough-cookie@4.1.3",
        "storeType": "MemoryCookieStore",
        "rejectPublicSuffixes": true,
        "enableLooseMode": false,
        "allowSpecialUseDomain": true,
        "prefixSecurity": "silent",
        "cookies": []
      },
      "userData": {},
      "maxErrorScore": 3,
      "errorScoreDecrement": 0.5,
      "expiresAt": "2024-02-14T06:55:06.522Z",
      "createdAt": "2024-02-14T06:05:06.522Z",
      "usageCount": 1,
      "maxUsageCount": 50,
      "errorScore": 0
    },
    {
      "id": "session_Ve1Hy72PrQ",
      "cookieJar": {
        "version": "tough-cookie@4.1.3",
        "storeType": "MemoryCookieStore",
        "rejectPublicSuffixes": true,
        "enableLooseMode": false,
        "allowSpecialUseDomain": true,
        "prefixSecurity": "silent",
        "cookies": []
      },
      "userData": {},
      "maxErrorScore": 3,
      "errorScoreDecrement": 0.5,
      "expiresAt": "2024-02-14T06:55:06.744Z",
      "createdAt": "2024-02-14T06:05:06.744Z",
      "usageCount": 1,
      "maxUsageCount": 50,
      "errorScore": 0
    },
    {
      "id": "session_cmenDks5kH",
      "cookieJar": {
        "version": "tough-cookie@4.1.3",
        "storeType": "MemoryCookieStore",
        "rejectPublicSuffixes": true,
        "enableLooseMode": false,
        "allowSpecialUseDomain": true,
        "prefixSecurity": "silent",
        "cookies": []
      },
      "userData": {},
      "maxErrorScore": 3,
      "errorScoreDecrement": 0.5,
      "expiresAt": "2024-02-14T06:55:06.773Z",
      "createdAt": "2024-02-14T06:05:06.773Z",
      "usageCount": 1,
      "maxUsageCount": 50,
      "errorScore": 0
    },
    {
      "id": "session_ssWRaZW7n7",
      "cookieJar": {
        "version": "tough-cookie@4.1.3",
        "storeType": "MemoryCookieStore",
        "rejectPublicSuffixes": true,
        "enableLooseMode": false,
        "allowSpecialUseDomain": true,
        "prefixSecurity": "silent",
        "cookies": []
      },
      "userData": {},
      "maxErrorScore": 3,
      "errorScoreDecrement": 0.5,
      "expiresAt": "2024-02-14T06:55:06.777Z",
      "createdAt": "2024-02-14T06:05:06.777Z",
      "usageCount": 1,
      "maxUsageCount": 50,
      "errorScore": 0
    },
    {
      "id": "session_faORkTHfEL",
      "cookieJar": {
        "version": "tough-cookie@4.1.3",
        "storeType": "MemoryCookieStore",
        "rejectPublicSuffixes": true,
        "enableLooseMode": false,
        "allowSpecialUseDomain": true,
        "prefixSecurity": "silent",
        "cookies": []
      },
      "userData": {},
      "maxErrorScore": 3,
      "errorScoreDecrement": 0.5,
      "expiresAt": "2024-02-14T06:55:06.780Z",
      "createdAt": "2024-02-14T06:05:06.780Z",
      "usageCount": 1,
      "maxUsageCount": 50,
      "errorScore": 0
    },
    {
      "id": "session_QNEWa3KUyC",
      "cookieJar": {
        "version": "tough-cookie@4.1.3",
        "storeType": "MemoryCookieStore",
        "rejectPublicSuffixes": true,
        "enableLooseMode": false,
        "allowSpecialUseDomain": true,
        "prefixSecurity": "silent",
        "cookies": []
      },
      "userData": {},
      "maxErrorScore": 3,
      "errorScoreDecrement": 0.5,
      "expiresAt": "2024-02-14T06:55:06.802Z",
      "createdAt": "2024-02-14T06:05:06.802Z",
      "usageCount": 1,
      "maxUsageCount": 50,
      "errorScore": 0
    },
    {
      "id": "session_eDO73lamjr",
      "cookieJar": {
        "version": "tough-cookie@4.1.3",
        "storeType": "MemoryCookieStore",
        "rejectPublicSuffixes": true,
        "enableLooseMode": false,
        "allowSpecialUseDomain": true,
        "prefixSecurity": "silent",
        "cookies": []
      },
      "userData": {},
      "maxErrorScore": 3,
      "errorScoreDecrement": 0.5,
      "expiresAt": "2024-02-14T06:55:06.806Z",
      "createdAt": "2024-02-14T06:05:06.806Z",
      "usageCount": 1,
      "maxUsageCount": 50,
      "errorScore": 0
    },
    {
      "id": "session_MaXqvOr6Yy",
      "cookieJar": {
        "version": "tough-cookie@4.1.3",
        "storeType": "MemoryCookieStore",
        "rejectPublicSuffixes": true,
        "enableLooseMode": false,
        "allowSpecialUseDomain": true,
        "prefixSecurity": "silent",
        "cookies": []
      },
      "userData": {},
      "maxErrorScore": 3,
      "errorScoreDecrement": 0.5,
      "expiresAt": "2024-02-14T06:55:06.809Z",
      "createdAt": "2024-02-14T06:05:06.809Z",
      "usageCount": 1,
      "maxUsageCount": 50,
      "errorScore": 0
    },
    {
      "id": "session_C7pujokhbk",
      "cookieJar": {
        "version": "tough-cookie@4.1.3",
        "storeType": "MemoryCookieStore",
        "rejectPublicSuffixes": true,
        "enableLooseMode": false,
        "allowSpecialUseDomain": true,
        "prefixSecurity": "silent",
        "cookies": []
      },
      "userData": {},
      "maxErrorScore": 3,
      "errorScoreDecrement": 0.5,
      "expiresAt": "2024-02-14T06:55:06.816Z",
      "createdAt": "2024-02-14T06:05:06.816Z",
      "usageCount": 1,
      "maxUsageCount": 50,
      "errorScore": 0
    }
  ]
}