{
  "requestsFinished": 29,
  "requestsFailed": 0,
  "requestsRetries": 0,
  "requestsFailedPerMinute": 0,
  "requestsFinishedPerMinute": 1123,
  "requestMinDurationMillis": 143,
  "requestMaxDurationMillis": 577,
  "requestTotalFailedDurationMillis": 0,
  "requestTotalFinishedDurationMillis": 9306,
  "crawlerStartedAt": "2024-02-14T06:05:05.533Z",
  "crawlerFinishedAt": "2024-02-14T06:05:07.057Z",
  "statsPersistedAt": "2024-02-14T06:05:07.057Z",
  "crawlerRuntimeMillis": 1550,
  "crawlerLastStartTimestamp": 1707890705507,
  "requestRetryHistogram": [
    29
  ],
  "statsId": 0,
  "requestAvgFailedDurationMillis": null,
  "requestAvgFinishedDurationMillis": 321,
  "requestTotalDurationMillis": 9306,
  "requestsTotal": 29,
  "requestsWithStatusCode": {},
  "errors": {},
  "retryErrors": {}
}