{
	"id": "AMuz93rNjDktRO2",
	"json": "{\"id\":\"AMuz93rNjDktRO2\",\"url\":\"https://crawlee.dev/docs/deployment/aws-cheerio\",\"loadedUrl\":\"https://crawlee.dev/docs/deployment/aws-cheerio\",\"uniqueKey\":\"https://crawlee.dev/docs/deployment/aws-cheerio\",\"method\":\"GET\",\"noRetry\":false,\"retryCount\":0,\"errorMessages\":[],\"headers\":{},\"userData\":{\"label\":\"detail\",\"__crawlee\":{\"skipNavigation\":false,\"state\":4}},\"handledAt\":\"2024-02-14T06:05:07.030Z\"}",
	"method": "GET",
	"orderNo": null,
	"retryCount": 0,
	"uniqueKey": "https://crawlee.dev/docs/deployment/aws-cheerio",
	"url": "https://crawlee.dev/docs/deployment/aws-cheerio"
}