{
	"id": "bMRp42nV5Qn6zUy",
	"json": "{\"id\":\"bMRp42nV5Qn6zUy\",\"url\":\"https://crawlee.dev/docs/upgrading/upgrading-to-v3\",\"uniqueKey\":\"https://crawlee.dev/docs/upgrading/upgrading-to-v3\",\"method\":\"GET\",\"noRetry\":false,\"retryCount\":0,\"errorMessages\":[],\"headers\":{},\"userData\":{\"label\":\"detail\",\"__crawlee\":{\"skipNavigation\":false}}}",
	"method": "GET",
	"orderNo": 1707890706136,
	"retryCount": 0,
	"uniqueKey": "https://crawlee.dev/docs/upgrading/upgrading-to-v3",
	"url": "https://crawlee.dev/docs/upgrading/upgrading-to-v3"
}