{
	"id": "d46oliIrIgtaqyb",
	"json": "{\"id\":\"d46oliIrIgtaqyb\",\"url\":\"https://crawlee.dev/docs/guides\",\"loadedUrl\":\"https://crawlee.dev/docs/guides\",\"uniqueKey\":\"https://crawlee.dev/docs/guides\",\"method\":\"GET\",\"noRetry\":false,\"retryCount\":0,\"errorMessages\":[],\"headers\":{},\"userData\":{\"label\":\"detail\",\"__crawlee\":{\"skipNavigation\":false,\"state\":4}},\"handledAt\":\"2024-02-14T06:05:07.029Z\"}",
	"method": "GET",
	"orderNo": null,
	"retryCount": 0,
	"uniqueKey": "https://crawlee.dev/docs/guides",
	"url": "https://crawlee.dev/docs/guides"
}