{
	"id": "dbcE178BxB6A0Zt",
	"json": "{\"id\":\"dbcE178BxB6A0Zt\",\"url\":\"https://crawlee.dev/api/core\",\"loadedUrl\":\"https://crawlee.dev/api/core\",\"uniqueKey\":\"https://crawlee.dev/api/core\",\"method\":\"GET\",\"noRetry\":false,\"retryCount\":0,\"errorMessages\":[],\"headers\":{},\"userData\":{\"label\":\"detail\",\"__crawlee\":{\"skipNavigation\":false,\"state\":4}},\"handledAt\":\"2024-02-14T06:05:06.445Z\"}",
	"method": "GET",
	"orderNo": null,
	"retryCount": 0,
	"uniqueKey": "https://crawlee.dev/api/core",
	"url": "https://crawlee.dev/api/core"
}