{
	"id": "DhzR14A9dk9Xm5z",
	"json": "{\"id\":\"DhzR14A9dk9Xm5z\",\"url\":\"https://crawlee.dev/docs/guides/cheerio-crawler-guide\",\"loadedUrl\":\"https://crawlee.dev/docs/guides/cheerio-crawler-guide\",\"uniqueKey\":\"https://crawlee.dev/docs/guides/cheerio-crawler-guide\",\"method\":\"GET\",\"noRetry\":false,\"retryCount\":0,\"errorMessages\":[],\"headers\":{},\"userData\":{\"label\":\"detail\",\"__crawlee\":{\"skipNavigation\":false,\"state\":4}},\"handledAt\":\"2024-02-14T06:05:06.766Z\"}",
	"method": "GET",
	"orderNo": null,
	"retryCount": 0,
	"uniqueKey": "https://crawlee.dev/docs/guides/cheerio-crawler-guide",
	"url": "https://crawlee.dev/docs/guides/cheerio-crawler-guide"
}