{
	"id": "dlTv2PigM4v0lal",
	"json": "{\"id\":\"dlTv2PigM4v0lal\",\"url\":\"https://crawlee.dev/docs/guides/avoid-blocking\",\"loadedUrl\":\"https://crawlee.dev/docs/guides/avoid-blocking\",\"uniqueKey\":\"https://crawlee.dev/docs/guides/avoid-blocking\",\"method\":\"GET\",\"noRetry\":false,\"retryCount\":0,\"errorMessages\":[],\"headers\":{},\"userData\":{\"label\":\"detail\",\"__crawlee\":{\"skipNavigation\":false,\"state\":4}},\"handledAt\":\"2024-02-14T06:05:06.714Z\"}",
	"method": "GET",
	"orderNo": null,
	"retryCount": 0,
	"uniqueKey": "https://crawlee.dev/docs/guides/avoid-blocking",
	"url": "https://crawlee.dev/docs/guides/avoid-blocking"
}