{
	"id": "fav6Y9Bs83CYtKZ",
	"json": "{\"id\":\"fav6Y9Bs83CYtKZ\",\"url\":\"https://crawlee.dev/docs/3.2/quick-start\",\"loadedUrl\":\"https://crawlee.dev/docs/3.2/quick-start\",\"uniqueKey\":\"https://crawlee.dev/docs/3.2/quick-start\",\"method\":\"GET\",\"noRetry\":false,\"retryCount\":0,\"errorMessages\":[],\"headers\":{},\"userData\":{\"label\":\"detail\",\"__crawlee\":{\"skipNavigation\":false,\"state\":4}},\"handledAt\":\"2024-02-14T06:05:06.465Z\"}",
	"method": "GET",
	"orderNo": null,
	"retryCount": 0,
	"uniqueKey": "https://crawlee.dev/docs/3.2/quick-start",
	"url": "https://crawlee.dev/docs/3.2/quick-start"
}