{
	"id": "gSpkiQn4jTrq8Wf",
	"json": "{\"id\":\"gSpkiQn4jTrq8Wf\",\"url\":\"https://crawlee.dev/docs/guides/javascript-rendering\",\"loadedUrl\":\"https://crawlee.dev/docs/guides/javascript-rendering\",\"uniqueKey\":\"https://crawlee.dev/docs/guides/javascript-rendering\",\"method\":\"GET\",\"noRetry\":false,\"retryCount\":0,\"errorMessages\":[],\"headers\":{},\"userData\":{\"label\":\"detail\",\"__crawlee\":{\"skipNavigation\":false,\"state\":4}},\"handledAt\":\"2024-02-14T06:05:06.767Z\"}",
	"method": "GET",
	"orderNo": null,
	"retryCount": 0,
	"uniqueKey": "https://crawlee.dev/docs/guides/javascript-rendering",
	"url": "https://crawlee.dev/docs/guides/javascript-rendering"
}