{
	"id": "H6tvR03y0qBWjUW",
	"json": "{\"id\":\"H6tvR03y0qBWjUW\",\"url\":\"https://crawlee.dev/api/basic-crawler/interface/BasicCrawlerOptions\",\"loadedUrl\":\"https://crawlee.dev/api/basic-crawler/interface/BasicCrawlerOptions\",\"uniqueKey\":\"https://crawlee.dev/api/basic-crawler/interface/BasicCrawlerOptions\",\"method\":\"GET\",\"noRetry\":false,\"retryCount\":0,\"errorMessages\":[],\"headers\":{},\"userData\":{\"label\":\"detail\",\"__crawlee\":{\"skipNavigation\":false,\"state\":4}},\"handledAt\":\"2024-02-14T06:05:07.029Z\"}",
	"method": "GET",
	"orderNo": null,
	"retryCount": 0,
	"uniqueKey": "https://crawlee.dev/api/basic-crawler/interface/BasicCrawlerOptions",
	"url": "https://crawlee.dev/api/basic-crawler/interface/BasicCrawlerOptions"
}