{
	"id": "kNMG5M0GKjwp8Mq",
	"json": "{\"id\":\"kNMG5M0GKjwp8Mq\",\"url\":\"https://crawlee.dev/api/core/class/AutoscaledPool\",\"loadedUrl\":\"https://crawlee.dev/api/core/class/AutoscaledPool\",\"uniqueKey\":\"https://crawlee.dev/api/core/class/AutoscaledPool\",\"method\":\"GET\",\"noRetry\":false,\"retryCount\":0,\"errorMessages\":[],\"headers\":{},\"userData\":{\"label\":\"detail\",\"__crawlee\":{\"skipNavigation\":false,\"state\":4}},\"handledAt\":\"2024-02-14T06:05:06.771Z\"}",
	"method": "GET",
	"orderNo": null,
	"retryCount": 0,
	"uniqueKey": "https://crawlee.dev/api/core/class/AutoscaledPool",
	"url": "https://crawlee.dev/api/core/class/AutoscaledPool"
}