{
	"id": "OAGy83PJyXOCn12",
	"json": "{\"id\":\"OAGy83PJyXOCn12\",\"url\":\"https://crawlee.dev/docs/guides/typescript-project\",\"loadedUrl\":\"https://crawlee.dev/docs/guides/typescript-project\",\"uniqueKey\":\"https://crawlee.dev/docs/guides/typescript-project\",\"method\":\"GET\",\"noRetry\":false,\"retryCount\":0,\"errorMessages\":[],\"headers\":{},\"userData\":{\"label\":\"detail\",\"__crawlee\":{\"skipNavigation\":false,\"state\":4}},\"handledAt\":\"2024-02-14T06:05:06.714Z\"}",
	"method": "GET",
	"orderNo": null,
	"retryCount": 0,
	"uniqueKey": "https://crawlee.dev/docs/guides/typescript-project",
	"url": "https://crawlee.dev/docs/guides/typescript-project"
}