{
	"id": "R3N46mF4gPGfpwX",
	"json": "{\"id\":\"R3N46mF4gPGfpwX\",\"url\":\"https://crawlee.dev/docs/next/quick-start\",\"loadedUrl\":\"https://crawlee.dev/docs/next/quick-start\",\"uniqueKey\":\"https://crawlee.dev/docs/next/quick-start\",\"method\":\"GET\",\"noRetry\":false,\"retryCount\":0,\"errorMessages\":[],\"headers\":{},\"userData\":{\"label\":\"detail\",\"__crawlee\":{\"skipNavigation\":false,\"state\":4}},\"handledAt\":\"2024-02-14T06:05:06.466Z\"}",
	"method": "GET",
	"orderNo": null,
	"retryCount": 0,
	"uniqueKey": "https://crawlee.dev/docs/next/quick-start",
	"url": "https://crawlee.dev/docs/next/quick-start"
}