{
	"id": "S31bA6CFULqtMzg",
	"json": "{\"id\":\"S31bA6CFULqtMzg\",\"url\":\"https://crawlee.dev/api/core/changelog\",\"loadedUrl\":\"https://crawlee.dev/api/core/changelog\",\"uniqueKey\":\"https://crawlee.dev/api/core/changelog\",\"method\":\"GET\",\"noRetry\":false,\"retryCount\":0,\"errorMessages\":[],\"headers\":{},\"userData\":{\"label\":\"detail\",\"__crawlee\":{\"skipNavigation\":false,\"state\":4}},\"handledAt\":\"2024-02-14T06:05:06.492Z\"}",
	"method": "GET",
	"orderNo": null,
	"retryCount": 0,
	"uniqueKey": "https://crawlee.dev/api/core/changelog",
	"url": "https://crawlee.dev/api/core/changelog"
}