{
	"id": "SaxTkPhLevqS1w4",
	"json": "{\"id\":\"SaxTkPhLevqS1w4\",\"url\":\"https://crawlee.dev/docs/quick-start\",\"loadedUrl\":\"https://crawlee.dev/docs/quick-start\",\"uniqueKey\":\"https://crawlee.dev/docs/quick-start\",\"method\":\"GET\",\"noRetry\":false,\"retryCount\":0,\"errorMessages\":[],\"headers\":{},\"userData\":{\"label\":\"detail\",\"__crawlee\":{\"skipNavigation\":false,\"state\":4}},\"handledAt\":\"2024-02-14T06:05:06.462Z\"}",
	"method": "GET",
	"orderNo": null,
	"retryCount": 0,
	"uniqueKey": "https://crawlee.dev/docs/quick-start",
	"url": "https://crawlee.dev/docs/quick-start"
}