{
	"id": "UafwdVMw9Y108a7",
	"json": "{\"id\":\"UafwdVMw9Y108a7\",\"url\":\"https://crawlee.dev/docs/3.5/quick-start\",\"loadedUrl\":\"https://crawlee.dev/docs/3.5/quick-start\",\"uniqueKey\":\"https://crawlee.dev/docs/3.5/quick-start\",\"method\":\"GET\",\"noRetry\":false,\"retryCount\":0,\"errorMessages\":[],\"headers\":{},\"userData\":{\"label\":\"detail\",\"__crawlee\":{\"skipNavigation\":false,\"state\":4}},\"handledAt\":\"2024-02-14T06:05:06.464Z\"}",
	"method": "GET",
	"orderNo": null,
	"retryCount": 0,
	"uniqueKey": "https://crawlee.dev/docs/3.5/quick-start",
	"url": "https://crawlee.dev/docs/3.5/quick-start"
}