{
	"id": "v3YzhvImPzzDAdd",
	"json": "{\"id\":\"v3YzhvImPzzDAdd\",\"url\":\"https://crawlee.dev/docs/introduction\",\"loadedUrl\":\"https://crawlee.dev/docs/introduction\",\"uniqueKey\":\"https://crawlee.dev/docs/introduction\",\"method\":\"GET\",\"noRetry\":false,\"retryCount\":0,\"errorMessages\":[],\"headers\":{},\"userData\":{\"label\":\"detail\",\"__crawlee\":{\"skipNavigation\":false,\"state\":4}},\"handledAt\":\"2024-02-14T06:05:06.716Z\"}",
	"method": "GET",
	"orderNo": null,
	"retryCount": 0,
	"uniqueKey": "https://crawlee.dev/docs/introduction",
	"url": "https://crawlee.dev/docs/introduction"
}