{
	"id": "VKm2E6I9yVvoWsU",
	"json": "{\"id\":\"VKm2E6I9yVvoWsU\",\"url\":\"https://crawlee.dev/docs/guides/result-storage\",\"loadedUrl\":\"https://crawlee.dev/docs/guides/result-storage\",\"uniqueKey\":\"https://crawlee.dev/docs/guides/result-storage\",\"method\":\"GET\",\"noRetry\":false,\"retryCount\":0,\"errorMessages\":[],\"headers\":{},\"userData\":{\"label\":\"detail\",\"__crawlee\":{\"skipNavigation\":false,\"state\":4}},\"handledAt\":\"2024-02-14T06:05:06.881Z\"}",
	"method": "GET",
	"orderNo": null,
	"retryCount": 0,
	"uniqueKey": "https://crawlee.dev/docs/guides/result-storage",
	"url": "https://crawlee.dev/docs/guides/result-storage"
}