{
	"id": "VoyyG3ZcR3iUYtt",
	"json": "{\"id\":\"VoyyG3ZcR3iUYtt\",\"url\":\"https://crawlee.dev/docs/guides/jsdom-crawler-guide\",\"loadedUrl\":\"https://crawlee.dev/docs/guides/jsdom-crawler-guide\",\"uniqueKey\":\"https://crawlee.dev/docs/guides/jsdom-crawler-guide\",\"method\":\"GET\",\"noRetry\":false,\"retryCount\":0,\"errorMessages\":[],\"headers\":{},\"userData\":{\"label\":\"detail\",\"__crawlee\":{\"skipNavigation\":false,\"state\":4}},\"handledAt\":\"2024-02-14T06:05:06.801Z\"}",
	"method": "GET",
	"orderNo": null,
	"retryCount": 0,
	"uniqueKey": "https://crawlee.dev/docs/guides/jsdom-crawler-guide",
	"url": "https://crawlee.dev/docs/guides/jsdom-crawler-guide"
}