{
	"id": "w2Jpy2feiIFVmDA",
	"json": "{\"id\":\"w2Jpy2feiIFVmDA\",\"url\":\"https://crawlee.dev/api/utils\",\"loadedUrl\":\"https://crawlee.dev/api/utils\",\"uniqueKey\":\"https://crawlee.dev/api/utils\",\"method\":\"GET\",\"noRetry\":false,\"retryCount\":0,\"errorMessages\":[],\"headers\":{},\"userData\":{\"label\":\"detail\",\"__crawlee\":{\"skipNavigation\":false,\"state\":4}},\"handledAt\":\"2024-02-14T06:05:07.020Z\"}",
	"method": "GET",
	"orderNo": null,
	"retryCount": 0,
	"uniqueKey": "https://crawlee.dev/api/utils",
	"url": "https://crawlee.dev/api/utils"
}