{
	"id": "wuqzpjow6EokEhZ",
	"json": "{\"id\":\"wuqzpjow6EokEhZ\",\"url\":\"https://crawlee.dev/docs/deployment/gcp-cheerio\",\"loadedUrl\":\"https://crawlee.dev/docs/deployment/gcp-cheerio\",\"uniqueKey\":\"https://crawlee.dev/docs/deployment/gcp-cheerio\",\"method\":\"GET\",\"noRetry\":false,\"retryCount\":0,\"errorMessages\":[],\"headers\":{},\"userData\":{\"label\":\"detail\",\"__crawlee\":{\"skipNavigation\":false,\"state\":4}},\"handledAt\":\"2024-02-14T06:05:07.030Z\"}",
	"method": "GET",
	"orderNo": null,
	"retryCount": 0,
	"uniqueKey": "https://crawlee.dev/docs/deployment/gcp-cheerio",
	"url": "https://crawlee.dev/docs/deployment/gcp-cheerio"
}