{
	"id": "x0eJbaaqKwyslxC",
	"json": "{\"id\":\"x0eJbaaqKwyslxC\",\"url\":\"https://crawlee.dev/api/utils/namespace/social\",\"loadedUrl\":\"https://crawlee.dev/api/utils/namespace/social\",\"uniqueKey\":\"https://crawlee.dev/api/utils/namespace/social\",\"method\":\"GET\",\"noRetry\":false,\"retryCount\":0,\"errorMessages\":[],\"headers\":{},\"userData\":{\"label\":\"detail\",\"__crawlee\":{\"skipNavigation\":false,\"state\":4}},\"handledAt\":\"2024-02-14T06:05:07.031Z\"}",
	"method": "GET",
	"orderNo": null,
	"retryCount": 0,
	"uniqueKey": "https://crawlee.dev/api/utils/namespace/social",
	"url": "https://crawlee.dev/api/utils/namespace/social"
}