{
	"id": "Xlp1DyQR159IqIw",
	"json": "{\"id\":\"Xlp1DyQR159IqIw\",\"url\":\"https://crawlee.dev/docs/guides/request-storage\",\"loadedUrl\":\"https://crawlee.dev/docs/guides/request-storage\",\"uniqueKey\":\"https://crawlee.dev/docs/guides/request-storage\",\"method\":\"GET\",\"noRetry\":false,\"retryCount\":0,\"errorMessages\":[],\"headers\":{},\"userData\":{\"label\":\"detail\",\"__crawlee\":{\"skipNavigation\":false,\"state\":4}},\"handledAt\":\"2024-02-14T06:05:07.030Z\"}",
	"method": "GET",
	"orderNo": null,
	"retryCount": 0,
	"uniqueKey": "https://crawlee.dev/docs/guides/request-storage",
	"url": "https://crawlee.dev/docs/guides/request-storage"
}